<?xml version="1.0"?>
<!--<!DOCTYPE metadata SYSTEM "http://www.esri.com/metadata/esriprof80.dtd">-->
<metadata xml:lang="en"><Esri><CreaDate>20190304</CreaDate><CreaTime>16242000</CreaTime><SyncOnce>FALSE</SyncOnce><DataProperties><lineage><Process Name="Merge_2" ToolSource="C:\Program Files\ArcGIS\ArcToolbox\Toolboxes\Data Management Tools.tbx\Merge" Date="20060620" Time="133552">Merge mtc_only;SFTAZ980 "Q:\ArcGIS Projects\CHAMP3_TAZ\TAZ2454.shp" "TAZ TAZ true false false 6 Long 0 6 ,First,#,mtc_only,TAZ,-1,-1,SFTAZ980,TAZ,-1,-1;X X true false false 1 Text 0 0 ,First,#,mtc_only,X,-1,-1;SUPERD SUPERD true false false 9 Long 0 9 ,First,#,mtc_only,SUPERD,-1,-1;TAZ1454 TAZ1454 true false false 9 Long 0 9 ,First,#,mtc_only,TAZ1454,-1,-1;AREALAND AREALAND true false false 13 Double 0 13 ,First,#,mtc_only,AREALAND,-1,-1;AREAWATR AREAWATR true false false 13 Double 0 13 ,First,#,mtc_only,AREAWATR,-1,-1;POP100 POP100 true false false 8 Long 0 8 ,First,#,mtc_only,POP100,-1,-1;LANDACRE LANDACRE true false false 19 Double 9 18 ,First,#,mtc_only,LANDACRE,-1,-1;WATRACRE WATRACRE true false false 19 Double 10 18 ,First,#,mtc_only,WATRACRE,-1,-1;SD SD true false false 2 Short 0 2 ,First,#,mtc_only,SD,-1,-1;COUNTY COUNTY true false false 1 Short 0 1 ,First,#,mtc_only,COUNTY,-1,-1,SFTAZ980,COUNTY,-1,-1;SFBLKGRP SFBLKGRP true false false 6 Long 0 6 ,First,#,SFTAZ980,SFBLKGRP,-1,-1"</Process><Process Name="Merge_1" ToolSource="C:\Program Files\ArcGIS\ArcToolbox\Toolboxes\Data Management Tools.tbx\Merge" Date="20070411" Time="154848">Merge TAZ2454_w_nhoods;Ferry_Bldg "Q:\ArcGIS Projects\New Neighborhoods\TAZ2454_w_nhoods_Merge.shp" "TAZ TAZ true false false 6 Long 0 6 ,First,#,TAZ2454_w_nhoods,TAZ,-1,-1;X X true false false 1 Text 0 0 ,First,#,TAZ2454_w_nhoods,X,-1,-1;SUPERD SUPERD true false false 9 Long 0 9 ,First,#,TAZ2454_w_nhoods,SUPERD,-1,-1;TAZ1454 TAZ1454 true false false 9 Long 0 9 ,First,#,TAZ2454_w_nhoods,TAZ1454,-1,-1;AREALAND AREALAND true false false 13 Double 0 13 ,First,#,TAZ2454_w_nhoods,AREALAND,-1,-1;AREAWATR AREAWATR true false false 13 Double 0 13 ,First,#,TAZ2454_w_nhoods,AREAWATR,-1,-1;POP100 POP100 true false false 8 Long 0 8 ,First,#,TAZ2454_w_nhoods,POP100,-1,-1;LANDACRE LANDACRE true false false 19 Double 9 18 ,First,#,TAZ2454_w_nhoods,LANDACRE,-1,-1;WATRACRE WATRACRE true false false 19 Double 10 18 ,First,#,TAZ2454_w_nhoods,WATRACRE,-1,-1;SD SD true false false 2 Short 0 2 ,First,#,TAZ2454_w_nhoods,SD,-1,-1;COUNTY COUNTY true false false 1 Short 0 1 ,First,#,TAZ2454_w_nhoods,COUNTY,-1,-1,Ferry_Bldg,COUNTY,-1,-1;SFBLKGRP SFBLKGRP true false false 6 Long 0 6 ,First,#,TAZ2454_w_nhoods,SFBLKGRP,-1,-1;X_COORD X_COORD true false false 19 Double 5 18 ,First,#,TAZ2454_w_nhoods,X_COORD,-1,-1;Y_COORD Y_COORD true false false 19 Double 5 18 ,First,#,TAZ2454_w_nhoods,Y_COORD,-1,-1;Nhood Nhood true false false 50 Text 0 0 ,First,#,TAZ2454_w_nhoods,Nhood,-1,-1;nhood_num nhood_num true false false 4 Short 0 4 ,First,#,TAZ2454_w_nhoods,nhood_num,-1,-1;lg_nhood lg_nhood true false false 30 Text 0 0 ,First,#,TAZ2454_w_nhoods,lg_nhood,-1,-1;lg_nhd_num lg_nhd_num true false false 4 Short 0 4 ,First,#,TAZ2454_w_nhoods,lg_nhd_num,-1,-1;OBJECTID OBJECTID true false false 11 Double 0 11 ,First,#,Ferry_Bldg,OBJECTID,-1,-1;FIPSSTCO FIPSSTCO true false false 5 Text 0 0 ,First,#,Ferry_Bldg,FIPSSTCO,-1,-1;TRACT2000 TRACT2000 true false false 6 Text 0 0 ,First,#,Ferry_Bldg,TRACT2000,-1,-1;BLOCK2000 BLOCK2000 true false false 4 Text 0 0 ,First,#,Ferry_Bldg,BLOCK2000,-1,-1;STFID STFID true false false 22 Text 0 0 ,First,#,Ferry_Bldg,STFID,-1,-1;STATE STATE true false false 2 Text 0 0 ,First,#,Ferry_Bldg,STATE,-1,-1;TRACT TRACT true false false 6 Text 0 0 ,First,#,Ferry_Bldg,TRACT,-1,-1;BLOCK BLOCK true false false 4 Text 0 0 ,First,#,Ferry_Bldg,BLOCK,-1,-1;POP2000 POP2000 true false false 11 Double 0 11 ,First,#,Ferry_Bldg,POP2000,-1,-1;WHITE WHITE true false false 11 Double 0 11 ,First,#,Ferry_Bldg,WHITE,-1,-1;BLACK BLACK true false false 11 Double 0 11 ,First,#,Ferry_Bldg,BLACK,-1,-1;AMERI_ES AMERI_ES true false false 11 Double 0 11 ,First,#,Ferry_Bldg,AMERI_ES,-1,-1;ASIAN ASIAN true false false 11 Double 0 11 ,First,#,Ferry_Bldg,ASIAN,-1,-1;HAWN_PI HAWN_PI true false false 11 Double 0 11 ,First,#,Ferry_Bldg,HAWN_PI,-1,-1;OTHER OTHER true false false 11 Double 0 11 ,First,#,Ferry_Bldg,OTHER,-1,-1;MULT_RACE MULT_RACE true false false 11 Double 0 11 ,First,#,Ferry_Bldg,MULT_RACE,-1,-1;HISPANIC HISPANIC true false false 11 Double 0 11 ,First,#,Ferry_Bldg,HISPANIC,-1,-1;MALES MALES true false false 11 Double 0 11 ,First,#,Ferry_Bldg,MALES,-1,-1;FEMALES FEMALES true false false 11 Double 0 11 ,First,#,Ferry_Bldg,FEMALES,-1,-1;AGE_UNDER5 AGE_UNDER5 true false false 11 Double 0 11 ,First,#,Ferry_Bldg,AGE_UNDER5,-1,-1;AGE_5_17 AGE_5_17 true false false 11 Double 0 11 ,First,#,Ferry_Bldg,AGE_5_17,-1,-1;AGE_18_21 AGE_18_21 true false false 11 Double 0 11 ,First,#,Ferry_Bldg,AGE_18_21,-1,-1;AGE_22_29 AGE_22_29 true false false 11 Double 0 11 ,First,#,Ferry_Bldg,AGE_22_29,-1,-1;AGE_30_39 AGE_30_39 true false false 11 Double 0 11 ,First,#,Ferry_Bldg,AGE_30_39,-1,-1;AGE_40_49 AGE_40_49 true false false 11 Double 0 11 ,First,#,Ferry_Bldg,AGE_40_49,-1,-1;AGE_50_64 AGE_50_64 true false false 11 Double 0 11 ,First,#,Ferry_Bldg,AGE_50_64,-1,-1;AGE_65_UP AGE_65_UP true false false 11 Double 0 11 ,First,#,Ferry_Bldg,AGE_65_UP,-1,-1;MED_AGE MED_AGE true false false 19 Double 9 18 ,First,#,Ferry_Bldg,MED_AGE,-1,-1;MED_AGE_M MED_AGE_M true false false 19 Double 9 18 ,First,#,Ferry_Bldg,MED_AGE_M,-1,-1;MED_AGE_F MED_AGE_F true false false 19 Double 9 18 ,First,#,Ferry_Bldg,MED_AGE_F,-1,-1;HOUSEHOLDS HOUSEHOLDS true false false 11 Double 0 11 ,First,#,Ferry_Bldg,HOUSEHOLDS,-1,-1;AVE_HH_SZ AVE_HH_SZ true false false 19 Double 9 18 ,First,#,Ferry_Bldg,AVE_HH_SZ,-1,-1;HSEHLD_1_M HSEHLD_1_M true false false 11 Double 0 11 ,First,#,Ferry_Bldg,HSEHLD_1_M,-1,-1;HSEHLD_1_F HSEHLD_1_F true false false 11 Double 0 11 ,First,#,Ferry_Bldg,HSEHLD_1_F,-1,-1;MARHH_CHD MARHH_CHD true false false 11 Double 0 11 ,First,#,Ferry_Bldg,MARHH_CHD,-1,-1;MARHH_NO_C MARHH_NO_C true false false 11 Double 0 11 ,First,#,Ferry_Bldg,MARHH_NO_C,-1,-1;MHH_CHILD MHH_CHILD true false false 11 Double 0 11 ,First,#,Ferry_Bldg,MHH_CHILD,-1,-1;FHH_CHILD FHH_CHILD true false false 11 Double 0 11 ,First,#,Ferry_Bldg,FHH_CHILD,-1,-1;FAMILIES FAMILIES true false false 11 Double 0 11 ,First,#,Ferry_Bldg,FAMILIES,-1,-1;AVE_FAM_SZ AVE_FAM_SZ true false false 19 Double 9 18 ,First,#,Ferry_Bldg,AVE_FAM_SZ,-1,-1;HSE_UNITS HSE_UNITS true false false 11 Double 0 11 ,First,#,Ferry_Bldg,HSE_UNITS,-1,-1;URBAN URBAN true false false 11 Double 0 11 ,First,#,Ferry_Bldg,URBAN,-1,-1;RURAL RURAL true false false 11 Double 0 11 ,First,#,Ferry_Bldg,RURAL,-1,-1;VACANT VACANT true false false 11 Double 0 11 ,First,#,Ferry_Bldg,VACANT,-1,-1;OWNER_OCC OWNER_OCC true false false 11 Double 0 11 ,First,#,Ferry_Bldg,OWNER_OCC,-1,-1;RENTER_OCC RENTER_OCC true false false 11 Double 0 11 ,First,#,Ferry_Bldg,RENTER_OCC,-1,-1"</Process><Process ToolSource="c:\program files (x86)\arcgis\desktop10.2\ArcToolbox\Toolboxes\Data Management Tools.tbx\CalculateField" Date="20150826" Time="171920">CalculateField TAZ2454 COUNTY 1 VB #</Process><Process ToolSource="c:\program files (x86)\arcgis\desktop10.2\ArcToolbox\Toolboxes\Data Management Tools.tbx\CalculateField" Date="20150826" Time="171937">CalculateField TAZ2454 COUNTY 1 VB #</Process></lineage><itemProps><itemLocation><linkage Sync="TRUE">file://\\STORE\GIS\GIS\Model\San_Francisco\TAZ\TAZ2454</linkage><protocol Sync="TRUE">Local Area Network</protocol></itemLocation></itemProps><copyHistory><copy source="Q:\GIS\_Archive\Boundaries\TAZ\TAZ2454" dest="\\STORE\GIS\GIS\Model\San_Francisco\TAZ\TAZ2454" date="20131205" time="16450800"></copy></copyHistory></DataProperties><SyncDate>20070411</SyncDate><SyncTime>15484600</SyncTime><ModDate>20070411</ModDate><ModTime>15484600</ModTime><ArcGISFormat>1.0</ArcGISFormat></Esri><idinfo><citation><citeinfo><onlink Sync="TRUE">\\SFCTADC0\GIS\ArcGIS Projects\New Neighborhoods\TAZ2454_w_nhoods_Merge.shp</onlink><origin>REQUIRED: The name of an organization or individual that developed the data set.</origin><pubdate>REQUIRED: The date when the data set is published or otherwise made available for release.</pubdate><title Sync="TRUE">TAZ2454_w_nhoods_Merge</title><ftname Sync="TRUE">TAZ2454_w_nhoods_Merge</ftname><geoform Sync="TRUE">vector digital data</geoform></citeinfo></citation><native Sync="TRUE">Microsoft Windows XP Version 5.1 (Build 2600) Service Pack 2; ESRI ArcCatalog 9.2.1.1332</native><descript><langdata Sync="TRUE">en</langdata><abstract>REQUIRED: A brief narrative summary of the data set.</abstract><purpose>REQUIRED: A summary of the intentions with which the data set was developed.</purpose></descript><timeperd><current>REQUIRED: The basis on which the time period of content information is determined.</current><timeinfo><sngdate><caldate>REQUIRED: The year (and optionally month, or month and day) for which the data set corresponds to the ground.</caldate></sngdate></timeinfo></timeperd><status><progress>REQUIRED: The state of the data set.</progress><update>REQUIRED: The frequency with which changes and additions are made to the data set after the initial data set is completed.</update></status><spdom><bounding><westbc Sync="TRUE">REQUIRED: Western-most coordinate of the limit of coverage expressed in longitude.</westbc><eastbc Sync="TRUE">REQUIRED: Eastern-most coordinate of the limit of coverage expressed in longitude.</eastbc><northbc Sync="TRUE">REQUIRED: Northern-most coordinate of the limit of coverage expressed in latitude.</northbc><southbc Sync="TRUE">REQUIRED: Southern-most coordinate of the limit of coverage expressed in latitude.</southbc></bounding></spdom><keywords><theme><themekt>REQUIRED: Reference to a formally registered thesaurus or a similar authoritative source of theme keywords.</themekt><themekey>REQUIRED: Common-use word or phrase used to describe the subject of the data set.</themekey></theme></keywords><accconst>REQUIRED: Restrictions and legal prerequisites for accessing the data set.</accconst><useconst>REQUIRED: Restrictions and legal prerequisites for using the data set after access is granted.</useconst><natvform Sync="TRUE">Shapefile</natvform></idinfo><distInfo><distributor><distorTran><onLineSrc><linkage Sync="TRUE">file://\\SFCTADC0\GIS\ArcGIS Projects\New Neighborhoods\TAZ2454_w_nhoods_Merge.shp</linkage><protocol Sync="TRUE">Local Area Network</protocol><orDesc Sync="TRUE">002</orDesc></onLineSrc><transSize Sync="TRUE">0.000</transSize></distorTran><distorFormat><formatName Sync="TRUE">Shapefile</formatName></distorFormat></distributor></distInfo><dataqual><lineage><procstep><procdesc Sync="TRUE">Dataset copied.</procdesc><srcused Sync="TRUE"></srcused><date Sync="TRUE">20070322</date><time Sync="TRUE">11081300</time></procstep></lineage></dataqual><dataIdInfo><envirDesc Sync="TRUE">Microsoft Windows XP Version 5.1 (Build 2600) Service Pack 2; ESRI ArcCatalog 9.2.1.1332</envirDesc><dataLang><languageCode Sync="TRUE" value="en"></languageCode></dataLang><idCitation><resTitle Sync="TRUE">TAZ2454_w_nhoods_Merge</resTitle><presForm><PresFormCd Sync="TRUE" value="005"></PresFormCd></presForm></idCitation><spatRpType><SpatRepTypCd Sync="TRUE" value="001"></SpatRepTypCd></spatRpType></dataIdInfo><metainfo><langmeta Sync="TRUE">en</langmeta><metstdn Sync="TRUE">FGDC Content Standards for Digital Geospatial Metadata</metstdn><metstdv Sync="TRUE">FGDC-STD-001-1998</metstdv><mettc Sync="TRUE">local time</mettc><metextns><onlink Sync="TRUE">http://www.esri.com/metadata/esriprof80.html</onlink><metprof Sync="TRUE">ESRI Metadata Profile</metprof></metextns><metc><cntinfo><cntorgp><cntper>REQUIRED: The person responsible for the metadata information.</cntper><cntorg>REQUIRED: The organization responsible for the metadata information.</cntorg></cntorgp><cntaddr><addrtype>REQUIRED: The mailing and/or physical address for the organization or individual.</addrtype><city>REQUIRED: The city of the address.</city><state>REQUIRED: The state or province of the address.</state><postal>REQUIRED: The ZIP or other postal code of the address.</postal></cntaddr><cntvoice>REQUIRED: The telephone number by which individuals can speak to the organization or individual.</cntvoice></cntinfo></metc><metd Sync="TRUE">20070411</metd></metainfo><mdLang><languageCode Sync="TRUE" value="en"></languageCode></mdLang><mdStanName Sync="TRUE">ISO 19115 Geographic Information - Metadata</mdStanName><mdStanVer Sync="TRUE">DIS_ESRI1.0</mdStanVer><mdChar><CharSetCd Sync="TRUE" value="004"></CharSetCd></mdChar><mdHrLv><ScopeCd Sync="TRUE" value="005"></ScopeCd></mdHrLv><mdHrLvName Sync="TRUE">dataset</mdHrLvName><distinfo><resdesc Sync="TRUE">Downloadable Data</resdesc><stdorder><digform><digtinfo><transize Sync="TRUE">0.000</transize><dssize Sync="TRUE">0.000</dssize></digtinfo></digform></stdorder></distinfo><spdoinfo><direct Sync="TRUE">Vector</direct><ptvctinf><esriterm Name="TAZ2454_w_nhoods_Merge"><efeatyp Sync="TRUE">Simple</efeatyp><efeageom Sync="TRUE">Polygon</efeageom><esritopo Sync="TRUE">FALSE</esritopo><efeacnt Sync="TRUE">0</efeacnt><spindex Sync="TRUE">TRUE</spindex><linrefer Sync="TRUE">FALSE</linrefer></esriterm><sdtsterm Name="TAZ2454_w_nhoods_Merge"><sdtstype Sync="TRUE">G-polygon</sdtstype><ptvctcnt Sync="TRUE">0</ptvctcnt></sdtsterm></ptvctinf></spdoinfo><spref><horizsys><cordsysn><geogcsn Sync="TRUE">GCS_North_American_1983</geogcsn><projcsn Sync="TRUE">NAD_1983_StatePlane_California_III_FIPS_0403_Feet</projcsn></cordsysn><planar><mapproj><mapprojn Sync="TRUE">Lambert Conformal Conic</mapprojn><lambertc><stdparll Sync="TRUE">37.066667</stdparll><stdparll Sync="TRUE">38.433333</stdparll><longcm Sync="TRUE">-120.500000</longcm><latprjo Sync="TRUE">36.500000</latprjo><feast Sync="TRUE">6561666.666667</feast><fnorth Sync="TRUE">1640416.666667</fnorth></lambertc></mapproj><planci><plance Sync="TRUE">coordinate pair</plance><plandu Sync="TRUE">survey feet</plandu><coordrep><absres Sync="TRUE">0.000000</absres><ordres Sync="TRUE">0.000000</ordres></coordrep></planci></planar><geodetic><horizdn Sync="TRUE">North American Datum of 1983</horizdn><ellips Sync="TRUE">Geodetic Reference System 80</ellips><semiaxis Sync="TRUE">6378137.000000</semiaxis><denflat Sync="TRUE">298.257222</denflat></geodetic></horizsys></spref><refSysInfo><RefSystem><refSysID><identCode Sync="TRUE">NAD_1983_StatePlane_California_III_FIPS_0403_Feet</identCode></refSysID></RefSystem></refSysInfo><spatRepInfo><VectSpatRep><topLvl><TopoLevCd Sync="TRUE" value="001"></TopoLevCd></topLvl><geometObjs Name="TAZ2454_w_nhoods_Merge"><geoObjTyp><GeoObjTypCd Sync="TRUE" value="001"></GeoObjTypCd></geoObjTyp><geoObjCnt Sync="TRUE">0</geoObjCnt></geometObjs></VectSpatRep></spatRepInfo><eainfo><detailed Name="TAZ2454_w_nhoods_Merge"><enttyp><enttypl Sync="TRUE">TAZ2454_w_nhoods_Merge</enttypl><enttypt Sync="TRUE">Feature Class</enttypt><enttypc Sync="TRUE">0</enttypc></enttyp><attr><attrlabl Sync="TRUE">FID</attrlabl><attalias Sync="TRUE">FID</attalias><attrtype Sync="TRUE">OID</attrtype><attwidth Sync="TRUE">4</attwidth><atprecis Sync="TRUE">0</atprecis><attscale Sync="TRUE">0</attscale><attrdef Sync="TRUE">Internal feature number.</attrdef><attrdefs Sync="TRUE">ESRI</attrdefs><attrdomv><udom Sync="TRUE">Sequential unique whole numbers that are automatically generated.</udom></attrdomv></attr><attr><attrlabl Sync="TRUE">Shape</attrlabl><attalias Sync="TRUE">Shape</attalias><attrtype Sync="TRUE">Geometry</attrtype><attwidth Sync="TRUE">0</attwidth><atprecis Sync="TRUE">0</atprecis><attscale Sync="TRUE">0</attscale><attrdef Sync="TRUE">Feature geometry.</attrdef><attrdefs Sync="TRUE">ESRI</attrdefs><attrdomv><udom Sync="TRUE">Coordinates defining the features.</udom></attrdomv></attr><attr><attrlabl Sync="TRUE">TAZ</attrlabl><attalias Sync="TRUE">TAZ</attalias><attrtype Sync="TRUE">Number</attrtype><attwidth Sync="TRUE">6</attwidth></attr><attr><attrlabl Sync="TRUE">X</attrlabl><attalias Sync="TRUE">X</attalias><attrtype Sync="TRUE">String</attrtype><attwidth Sync="TRUE">1</attwidth></attr><attr><attrlabl Sync="TRUE">SUPERD</attrlabl><attalias Sync="TRUE">SUPERD</attalias><attrtype Sync="TRUE">Number</attrtype><attwidth Sync="TRUE">9</attwidth></attr><attr><attrlabl Sync="TRUE">TAZ1454</attrlabl><attalias Sync="TRUE">TAZ1454</attalias><attrtype Sync="TRUE">Number</attrtype><attwidth Sync="TRUE">9</attwidth></attr><attr><attrlabl Sync="TRUE">AREALAND</attrlabl><attalias Sync="TRUE">AREALAND</attalias><attrtype Sync="TRUE">Number</attrtype><attwidth Sync="TRUE">13</attwidth></attr><attr><attrlabl Sync="TRUE">AREAWATR</attrlabl><attalias Sync="TRUE">AREAWATR</attalias><attrtype Sync="TRUE">Number</attrtype><attwidth Sync="TRUE">13</attwidth></attr><attr><attrlabl Sync="TRUE">POP100</attrlabl><attalias Sync="TRUE">POP100</attalias><attrtype Sync="TRUE">Number</attrtype><attwidth Sync="TRUE">8</attwidth></attr><attr><attrlabl Sync="TRUE">LANDACRE</attrlabl><attalias Sync="TRUE">LANDACRE</attalias><attrtype Sync="TRUE">Number</attrtype><attwidth Sync="TRUE">19</attwidth><atnumdec Sync="TRUE">9</atnumdec></attr><attr><attrlabl Sync="TRUE">WATRACRE</attrlabl><attalias Sync="TRUE">WATRACRE</attalias><attrtype Sync="TRUE">Number</attrtype><attwidth Sync="TRUE">19</attwidth><atnumdec Sync="TRUE">10</atnumdec></attr><attr><attrlabl Sync="TRUE">SD</attrlabl><attalias Sync="TRUE">SD</attalias><attrtype Sync="TRUE">Number</attrtype><attwidth Sync="TRUE">2</attwidth></attr><attr><attrlabl Sync="TRUE">COUNTY</attrlabl><attalias Sync="TRUE">COUNTY</attalias><attrtype Sync="TRUE">Number</attrtype><attwidth Sync="TRUE">1</attwidth></attr><attr><attrlabl Sync="TRUE">SFBLKGRP</attrlabl><attalias Sync="TRUE">SFBLKGRP</attalias><attrtype Sync="TRUE">Number</attrtype><attwidth Sync="TRUE">6</attwidth></attr><attr><attrlabl Sync="TRUE">X_COORD</attrlabl><attalias Sync="TRUE">X_COORD</attalias><attrtype Sync="TRUE">Number</attrtype><attwidth Sync="TRUE">19</attwidth><atnumdec Sync="TRUE">5</atnumdec></attr><attr><attrlabl Sync="TRUE">Y_COORD</attrlabl><attalias Sync="TRUE">Y_COORD</attalias><attrtype Sync="TRUE">Number</attrtype><attwidth Sync="TRUE">19</attwidth><atnumdec Sync="TRUE">5</atnumdec></attr><attr><attrlabl Sync="TRUE">Nhood</attrlabl><attalias Sync="TRUE">Nhood</attalias><attrtype Sync="TRUE">String</attrtype><attwidth Sync="TRUE">50</attwidth></attr><attr><attrlabl Sync="TRUE">nhood_num</attrlabl><attalias Sync="TRUE">nhood_num</attalias><attrtype Sync="TRUE">Number</attrtype><attwidth Sync="TRUE">4</attwidth></attr><attr><attrlabl Sync="TRUE">lg_nhood</attrlabl><attalias Sync="TRUE">lg_nhood</attalias><attrtype Sync="TRUE">String</attrtype><attwidth Sync="TRUE">30</attwidth></attr><attr><attrlabl Sync="TRUE">lg_nhd_num</attrlabl><attalias Sync="TRUE">lg_nhd_num</attalias><attrtype Sync="TRUE">Number</attrtype><attwidth Sync="TRUE">4</attwidth></attr><attr><attrlabl Sync="TRUE">OBJECTID</attrlabl><attalias Sync="TRUE">OBJECTID</attalias><attrtype Sync="TRUE">Number</attrtype><attwidth Sync="TRUE">11</attwidth></attr><attr><attrlabl Sync="TRUE">FIPSSTCO</attrlabl><attalias Sync="TRUE">FIPSSTCO</attalias><attrtype Sync="TRUE">String</attrtype><attwidth Sync="TRUE">5</attwidth></attr><attr><attrlabl Sync="TRUE">TRACT2000</attrlabl><attalias Sync="TRUE">TRACT2000</attalias><attrtype Sync="TRUE">String</attrtype><attwidth Sync="TRUE">6</attwidth></attr><attr><attrlabl Sync="TRUE">BLOCK2000</attrlabl><attalias Sync="TRUE">BLOCK2000</attalias><attrtype Sync="TRUE">String</attrtype><attwidth Sync="TRUE">4</attwidth></attr><attr><attrlabl Sync="TRUE">STFID</attrlabl><attalias Sync="TRUE">STFID</attalias><attrtype Sync="TRUE">String</attrtype><attwidth Sync="TRUE">22</attwidth></attr><attr><attrlabl Sync="TRUE">STATE</attrlabl><attalias Sync="TRUE">STATE</attalias><attrtype Sync="TRUE">String</attrtype><attwidth Sync="TRUE">2</attwidth></attr><attr><attrlabl Sync="TRUE">TRACT</attrlabl><attalias Sync="TRUE">TRACT</attalias><attrtype Sync="TRUE">String</attrtype><attwidth Sync="TRUE">6</attwidth></attr><attr><attrlabl Sync="TRUE">BLOCK</attrlabl><attalias Sync="TRUE">BLOCK</attalias><attrtype Sync="TRUE">String</attrtype><attwidth Sync="TRUE">4</attwidth></attr><attr><attrlabl Sync="TRUE">POP2000</attrlabl><attalias Sync="TRUE">POP2000</attalias><attrtype Sync="TRUE">Number</attrtype><attwidth Sync="TRUE">11</attwidth></attr><attr><attrlabl Sync="TRUE">WHITE</attrlabl><attalias Sync="TRUE">WHITE</attalias><attrtype Sync="TRUE">Number</attrtype><attwidth Sync="TRUE">11</attwidth></attr><attr><attrlabl Sync="TRUE">BLACK</attrlabl><attalias Sync="TRUE">BLACK</attalias><attrtype Sync="TRUE">Number</attrtype><attwidth Sync="TRUE">11</attwidth></attr><attr><attrlabl Sync="TRUE">AMERI_ES</attrlabl><attalias Sync="TRUE">AMERI_ES</attalias><attrtype Sync="TRUE">Number</attrtype><attwidth Sync="TRUE">11</attwidth></attr><attr><attrlabl Sync="TRUE">ASIAN</attrlabl><attalias Sync="TRUE">ASIAN</attalias><attrtype Sync="TRUE">Number</attrtype><attwidth Sync="TRUE">11</attwidth></attr><attr><attrlabl Sync="TRUE">HAWN_PI</attrlabl><attalias Sync="TRUE">HAWN_PI</attalias><attrtype Sync="TRUE">Number</attrtype><attwidth Sync="TRUE">11</attwidth></attr><attr><attrlabl Sync="TRUE">OTHER</attrlabl><attalias Sync="TRUE">OTHER</attalias><attrtype Sync="TRUE">Number</attrtype><attwidth Sync="TRUE">11</attwidth></attr><attr><attrlabl Sync="TRUE">MULT_RACE</attrlabl><attalias Sync="TRUE">MULT_RACE</attalias><attrtype Sync="TRUE">Number</attrtype><attwidth Sync="TRUE">11</attwidth></attr><attr><attrlabl Sync="TRUE">HISPANIC</attrlabl><attalias Sync="TRUE">HISPANIC</attalias><attrtype Sync="TRUE">Number</attrtype><attwidth Sync="TRUE">11</attwidth></attr><attr><attrlabl Sync="TRUE">MALES</attrlabl><attalias Sync="TRUE">MALES</attalias><attrtype Sync="TRUE">Number</attrtype><attwidth Sync="TRUE">11</attwidth></attr><attr><attrlabl Sync="TRUE">FEMALES</attrlabl><attalias Sync="TRUE">FEMALES</attalias><attrtype Sync="TRUE">Number</attrtype><attwidth Sync="TRUE">11</attwidth></attr><attr><attrlabl Sync="TRUE">AGE_UNDER5</attrlabl><attalias Sync="TRUE">AGE_UNDER5</attalias><attrtype Sync="TRUE">Number</attrtype><attwidth Sync="TRUE">11</attwidth></attr><attr><attrlabl Sync="TRUE">AGE_5_17</attrlabl><attalias Sync="TRUE">AGE_5_17</attalias><attrtype Sync="TRUE">Number</attrtype><attwidth Sync="TRUE">11</attwidth></attr><attr><attrlabl Sync="TRUE">AGE_18_21</attrlabl><attalias Sync="TRUE">AGE_18_21</attalias><attrtype Sync="TRUE">Number</attrtype><attwidth Sync="TRUE">11</attwidth></attr><attr><attrlabl Sync="TRUE">AGE_22_29</attrlabl><attalias Sync="TRUE">AGE_22_29</attalias><attrtype Sync="TRUE">Number</attrtype><attwidth Sync="TRUE">11</attwidth></attr><attr><attrlabl Sync="TRUE">AGE_30_39</attrlabl><attalias Sync="TRUE">AGE_30_39</attalias><attrtype Sync="TRUE">Number</attrtype><attwidth Sync="TRUE">11</attwidth></attr><attr><attrlabl Sync="TRUE">AGE_40_49</attrlabl><attalias Sync="TRUE">AGE_40_49</attalias><attrtype Sync="TRUE">Number</attrtype><attwidth Sync="TRUE">11</attwidth></attr><attr><attrlabl Sync="TRUE">AGE_50_64</attrlabl><attalias Sync="TRUE">AGE_50_64</attalias><attrtype Sync="TRUE">Number</attrtype><attwidth Sync="TRUE">11</attwidth></attr><attr><attrlabl Sync="TRUE">AGE_65_UP</attrlabl><attalias Sync="TRUE">AGE_65_UP</attalias><attrtype Sync="TRUE">Number</attrtype><attwidth Sync="TRUE">11</attwidth></attr><attr><attrlabl Sync="TRUE">MED_AGE</attrlabl><attalias Sync="TRUE">MED_AGE</attalias><attrtype Sync="TRUE">Number</attrtype><attwidth Sync="TRUE">19</attwidth><atnumdec Sync="TRUE">9</atnumdec></attr><attr><attrlabl Sync="TRUE">MED_AGE_M</attrlabl><attalias Sync="TRUE">MED_AGE_M</attalias><attrtype Sync="TRUE">Number</attrtype><attwidth Sync="TRUE">19</attwidth><atnumdec Sync="TRUE">9</atnumdec></attr><attr><attrlabl Sync="TRUE">MED_AGE_F</attrlabl><attalias Sync="TRUE">MED_AGE_F</attalias><attrtype Sync="TRUE">Number</attrtype><attwidth Sync="TRUE">19</attwidth><atnumdec Sync="TRUE">9</atnumdec></attr><attr><attrlabl Sync="TRUE">HOUSEHOLDS</attrlabl><attalias Sync="TRUE">HOUSEHOLDS</attalias><attrtype Sync="TRUE">Number</attrtype><attwidth Sync="TRUE">11</attwidth></attr><attr><attrlabl Sync="TRUE">AVE_HH_SZ</attrlabl><attalias Sync="TRUE">AVE_HH_SZ</attalias><attrtype Sync="TRUE">Number</attrtype><attwidth Sync="TRUE">19</attwidth><atnumdec Sync="TRUE">9</atnumdec></attr><attr><attrlabl Sync="TRUE">HSEHLD_1_M</attrlabl><attalias Sync="TRUE">HSEHLD_1_M</attalias><attrtype Sync="TRUE">Number</attrtype><attwidth Sync="TRUE">11</attwidth></attr><attr><attrlabl Sync="TRUE">HSEHLD_1_F</attrlabl><attalias Sync="TRUE">HSEHLD_1_F</attalias><attrtype Sync="TRUE">Number</attrtype><attwidth Sync="TRUE">11</attwidth></attr><attr><attrlabl Sync="TRUE">MARHH_CHD</attrlabl><attalias Sync="TRUE">MARHH_CHD</attalias><attrtype Sync="TRUE">Number</attrtype><attwidth Sync="TRUE">11</attwidth></attr><attr><attrlabl Sync="TRUE">MARHH_NO_C</attrlabl><attalias Sync="TRUE">MARHH_NO_C</attalias><attrtype Sync="TRUE">Number</attrtype><attwidth Sync="TRUE">11</attwidth></attr><attr><attrlabl Sync="TRUE">MHH_CHILD</attrlabl><attalias Sync="TRUE">MHH_CHILD</attalias><attrtype Sync="TRUE">Number</attrtype><attwidth Sync="TRUE">11</attwidth></attr><attr><attrlabl Sync="TRUE">FHH_CHILD</attrlabl><attalias Sync="TRUE">FHH_CHILD</attalias><attrtype Sync="TRUE">Number</attrtype><attwidth Sync="TRUE">11</attwidth></attr><attr><attrlabl Sync="TRUE">FAMILIES</attrlabl><attalias Sync="TRUE">FAMILIES</attalias><attrtype Sync="TRUE">Number</attrtype><attwidth Sync="TRUE">11</attwidth></attr><attr><attrlabl Sync="TRUE">AVE_FAM_SZ</attrlabl><attalias Sync="TRUE">AVE_FAM_SZ</attalias><attrtype Sync="TRUE">Number</attrtype><attwidth Sync="TRUE">19</attwidth><atnumdec Sync="TRUE">9</atnumdec></attr><attr><attrlabl Sync="TRUE">HSE_UNITS</attrlabl><attalias Sync="TRUE">HSE_UNITS</attalias><attrtype Sync="TRUE">Number</attrtype><attwidth Sync="TRUE">11</attwidth></attr><attr><attrlabl Sync="TRUE">URBAN</attrlabl><attalias Sync="TRUE">URBAN</attalias><attrtype Sync="TRUE">Number</attrtype><attwidth Sync="TRUE">11</attwidth></attr><attr><attrlabl Sync="TRUE">RURAL</attrlabl><attalias Sync="TRUE">RURAL</attalias><attrtype Sync="TRUE">Number</attrtype><attwidth Sync="TRUE">11</attwidth></attr><attr><attrlabl Sync="TRUE">VACANT</attrlabl><attalias Sync="TRUE">VACANT</attalias><attrtype Sync="TRUE">Number</attrtype><attwidth Sync="TRUE">11</attwidth></attr><attr><attrlabl Sync="TRUE">OWNER_OCC</attrlabl><attalias Sync="TRUE">OWNER_OCC</attalias><attrtype Sync="TRUE">Number</attrtype><attwidth Sync="TRUE">11</attwidth></attr><attr><attrlabl Sync="TRUE">RENTER_OCC</attrlabl><attalias Sync="TRUE">RENTER_OCC</attalias><attrtype Sync="TRUE">Number</attrtype><attwidth Sync="TRUE">11</attwidth></attr></detailed></eainfo><mdDateSt Sync="TRUE">20070411</mdDateSt></metadata>
